s	t	MFKC	Jaccard	JaroWinkler
Abdur Rahman Khan	Abdur Rahman Khan	1.0	1.0	1.0
Adolf Holzhaus	Adolf Holzhaus	1.0	1.0	1.0
Arthur Roberts (physicist)	Arthur Roberts (physicist)	1.0	1.0	1.0
Christian V of Denmark	Christian V of Denmark	1.0	1.0	1.0
Ferdinand II, Holy Roman Emperor	Ferdinand II	0.7272727272727273	0.3333333333333333	0.8541666666666666
Christoph Ludwig Agricola	Christoph Ludwig Agricola	1.0	1.0	1.0
Jules Renard	Jules Renard	1.0	1.0	1.0
Alboin	Alboin	1.0	1.0	1.0
Boss (rapper)	Boss	0.47058823529411764	0.21428571428571427	0.8384615384615384
George Allen (U.S. politician)	George Allen (U.S. politician)	1.0	1.0	1.0
Alexander I of Scotland	Cultural depictions of Alexander I of Scotland	0.8985507246376812	0.4772727272727273	0.6323417238749046
Blaise Pascal	Amos Dettonville	0.4827586206896552	0.0	0.4358974358974359
Agrippina the Younger	Agrippina the Younger	1.0	1.0	1.0
Maximilian I, Elector of Bavaria	Maximilian I of Bavaria	0.9090909090909091	0.6176470588235294	0.9039402173913043
Nicholas Harold Phillips	Nicholas Harold Phillips	1.0	1.0	1.0
Dawson (actor)	Dawson (pornographic actor)	0.8780487804878049	0.41379310344827586	0.7981481481481482
Abner Doubleday	Doubleday	0.8333333333333334	0.5	0.7555555555555555
Art Smith (chef)	Art Smith (chef)	1.0	1.0	1.0
Aristide Maillol	Aristide Maillol	1.0	1.0	1.0
David Charles (Australian politician)	David Charles	0.78	0.32432432432432434	0.8486486486486486
Hercules (chef)	Hercules (chef)	1.0	1.0	1.0
Bink (record producer)	Bink	0.3076923076923077	0.13043478260869565	0.8090909090909091
Cary Elwes	Cary	0.5714285714285714	0.2727272727272727	0.86
Bob Wills	Bob Wills	1.0	1.0	1.0
Michael North (professor)	Michael North	0.8421052631578947	0.46153846153846156	0.888
Roberto Fresnedoso	Roberto Fresnedoso	1.0	1.0	1.0
Dean Martin	Dean Martin	1.0	1.0	1.0
Leopold, Duke of Lorraine	Leopold, Duke of Lorraine	1.0	1.0	1.0
Walter James (actor)	Walter James	0.875	0.5238095238095238	0.9066666666666667
Aron Nimzowitsch	Aron Nimzowitsch	1.0	1.0	1.0
Alfonso III of Aragon	Alfonso III of Aragon	1.0	1.0	1.0
Abel Miglietti	Abel Miglietti	1.0	1.0	1.0
Wilson Constantino Novo Estrela	Wilson Constantino Novo Estrela	1.0	1.0	1.0
Edward Peck Curtis	Edward Peck Curtis	1.0	1.0	1.0
Alexander Selkirk	Selkirk	0.75	0.3333333333333333	0.5189075630252101
Philip I, Landgrave of Hesse	Philip I, Landgrave of Hesse	1.0	1.0	1.0
Amerigo Vespucci	Americus	0.7916666666666666	0.2	0.80625
Joan du Plat Taylor	Joan du Plat Taylor	1.0	1.0	1.0
John B. Willett	John B. Willett	1.0	1.0	1.0
Juliana of the Netherlands	Juliana of the Netherlands	1.0	1.0	1.0
Elektra (wrestling)	Elektra	0.6923076923076923	0.3	0.8526315789473684
Taylor Wilde	Taylor Wilde	1.0	1.0	1.0
Afonso I of Portugal	Afonso of Portugal	0.9736842105263158	0.8095238095238095	0.9572222222222222
Francis Cook, 1st Viscount of Monserrate	Francis Cook, 1st Viscount of Monserrate	1.0	1.0	1.0
Grant Williams	Grant Williams	1.0	1.0	1.0
Al Capp	Al Capp	1.0	1.0	1.0
Agatha Christie	Christie	0.782608695652174	0.4375	0.4138888888888889
Frank M. Smith, Jr.	Frank M. Smith	0.9393939393939394	0.65	0.9385964912280702
Sir Francis Cook, 4th Baronet	Sir Francis Cook	0.8444444444444444	0.5	0.8954022988505748
Adonis (musician)	Adonis	0.6956521739130435	0.2777777777777778	0.8490196078431372
C. S. Forester	C. S. Forester	1.0	1.0	1.0
Ricardo León Brito	Ricardo Leon Brito	0.9722222222222222	0.7142857142857143	0.9260348583877995
Socrates	Socrates	1.0	1.0	1.0
Adolphe Sax	Adolphe Sax	1.0	1.0	1.0
Brigitte Bardot	Brigitte Bardot	1.0	1.0	1.0
Alexander II of Scotland	Cultural depictions of Alexander II of Scotland	0.9014084507042254	0.4888888888888889	0.5946217494089835
Sidney Moraes	Sidney Moraes	1.0	1.0	1.0
Robert de Pinho de Souza	Robert	0.5333333333333333	0.21739130434782608	0.825
Irene Komnene Doukaina	Irene Komnene Doukaina	1.0	1.0	1.0
Alexander I of Scotland	Alexander I of Scotland	1.0	1.0	1.0
Russell Smith (politician)	Russell Smith	0.8205128205128205	0.4444444444444444	0.8833333333333334
Amyntas I of Macedon	Amyntas I of Macedon	1.0	1.0	1.0
Bill Bixby	Bill Bixby	1.0	1.0	1.0
Luis Roberto García Toral	Luis Roberto Garcia Toral	0.98	0.7857142857142857	0.9813333333333333
Wilhelm II, German Emperor	Wilhelm II, German Emperor	1.0	1.0	1.0
Albert the Bear	Albert the Bear	1.0	1.0	1.0
Adalbert of Prague	Adalbert of Prague	1.0	1.0	1.0
Christian I, Elector of Saxony	Christian I	0.7073170731707317	0.3225806451612903	0.8522222222222222
Yoshi Tatsu	Yoshi Tatsu	1.0	1.0	1.0
Capitão (footballer)	Capitão (footballer)	1.0	1.0	1.0
Max Winter	Max Winter	1.0	1.0	1.0
Carolyn Beug	Carolyn Beug	1.0	1.0	1.0
Bill Bryson	William Bryson	0.88	0.3888888888888889	0.8744588744588745
Brian Lara	Brian Lara	1.0	1.0	1.0
Camille Pissarro	Le Quai Malaquais et l'Institut	0.574468085106383	0.0	0.4694593787335723
Roberto García Cabello	Roberto García	0.9166666666666666	0.5652173913043478	0.9151515151515152
Abd al-Rahman I	Abd al-Rahman I	1.0	1.0	1.0
Taylor Wilde	Shantelle Malawski	0.5333333333333333	0.0	0.4648148148148148
Alfonso V of Aragon	Alfonso V of Aragon	1.0	1.0	1.0
Christian Cage	Christian	0.8695652173913043	0.5333333333333333	0.9166666666666666
Dante Alighieri	Dante Alighieri	1.0	1.0	1.0
Peter von Hess	Peter von Hess	1.0	1.0	1.0
Ahmed al-Nami	Ahmed al-Nami	1.0	1.0	1.0
Antonio Canova	Antonio Canova	1.0	1.0	1.0
Henry Ellis Harris	Henry Ellis Harris	1.0	1.0	1.0
Alan Ayckbourn	Alan Ayckbourn	1.0	1.0	1.0
Daniele da Volterra	Daniele da Volterra	1.0	1.0	1.0
George Allen (footballer)	George Allen	0.8378378378378378	0.44	0.8786666666666667
Roberto Andrade Silva	Roberto Andrade Silva	1.0	1.0	1.0
Luís Romano de Madeira Melo	Luis Romano de Madeira Melo	0.9814814814814815	0.8	0.9802469135802468
Princess Maria of Romania (1870–1874)	Princess Maria of Romania (1870-1874)	0.972972972972973	0.8421052631578947	0.9873873873873874
Batman	Matches Malone	0.4	0.0	0.5714285714285715
Charlize Theron	Charlize Theron	1.0	1.0	1.0
Julian (emperor)	Julian	0.5454545454545454	0.29411764705882354	0.8541666666666666
Albert Pike	Albert Pike	1.0	1.0	1.0
Albert Brooks	Albert Brooks	1.0	1.0	1.0
Chris Sarandon	Chris Sarandon	1.0	1.0	1.0
Batman	Batman (comics)	0.6190476190476191	0.3125	0.86
Anthony da Silva	Anthony Silva	0.9655172413793104	0.7058823529411765	0.9113782051282051
Christopher Guest	Christopher Guest	1.0	1.0	1.0
Corneille (singer)	Corneille	0.8148148148148148	0.42105263157894735	0.8833333333333334
Abbas Mirza	Abbas Mirza	1.0	1.0	1.0
Alexei Petrovich, Tsarevich of Russia	Alexius	0.5	0.07692307692307693	0.7711711711711711
Clive Anderson	Clive Anderson	1.0	1.0	1.0
Joyce Symons	Joyce Symons	1.0	1.0	1.0
Jaak Boon	Jaak Boon	1.0	1.0	1.0
Anastasios II	Anastasios II	1.0	1.0	1.0
Ambrosius Bosschaert	Ambrosius Bosschaert	1.0	1.0	1.0
Alain Connes	Alain Connes	1.0	1.0	1.0
Chris Morris (satirist)	Chris Morris	0.8571428571428571	0.47619047619047616	0.8884057971014493
Aimery of Cyprus	Amalric II of Jerusalem	0.6923076923076923	0.08333333333333333	0.6679100790513834
Mary, Queen of Scots	Mary, Queen of Scots	1.0	1.0	1.0
Mary Stuart (actress)	Mary Stuart	0.8125	0.45454545454545453	0.888888888888889
Buckminster Fuller	Buckminster Fuller	1.0	1.0	1.0
Michelangelo	Michelangelo	1.0	1.0	1.0
Charles Williams (British writer)	Charles Williams (British writer)	1.0	1.0	1.0
Charles Proteus Steinmetz	Steinmetz	0.6176470588235294	0.3076923076923077	0.45148148148148143
Hokusai	Hokusai	1.0	1.0	1.0
Napoleon (actor)	Napoleon	0.75	0.4117647058823529	0.8833333333333334
Jacob Guay	Jacob Guay	1.0	1.0	1.0
Burhanuddin Rabbani	Rabbani	0.6923076923076923	0.3	0.5288220551378445
Albert Hall (footballer, born 1918)	Albert Hall (footballer born 1918)	0.9855072463768116	0.8611111111111112	0.9933333333333334
Aurel Stein	Aurel Stein	1.0	1.0	1.0
Chris Cunningham	Chris Cunningham	1.0	1.0	1.0
Piers Baron (musician)	Piers Baron	0.8484848484848485	0.43478260869565216	0.8833333333333334
B.G. (rapper)	B.G.	0.47058823529411764	0.21428571428571427	0.8384615384615384
Jack Hogg (footballer, born 1931)	Jack Hogg (footballer born 1931)	0.9846153846153847	0.8571428571428571	0.992929292929293
Ahmad Shah Massoud	Ahmad Shah	0.8214285714285714	0.47368421052631576	0.8962962962962963
Charles Edward Jones	Charles Jones	0.8787878787878788	0.5714285714285714	0.9183333333333333
Roberto de Sousa Rezende	Roberto de Sousa Rezende	1.0	1.0	1.0
Abel, King of Denmark	Abel, King of Denmark	1.0	1.0	1.0
Arthur J. Stone	Arthur Stone	0.9259259259259259	0.6875	0.9533333333333333
Martin Hoberg Hedegaard	Martin Hoberg Hedegaard	1.0	1.0	1.0
Roberto Santamaría Calavia	Roberto Santamaria Calavia	0.9807692307692307	0.7931034482758621	0.9447179487179488
Svein Koningen	Svein Koningen	1.0	1.0	1.0
Emily Stevens (actress)	Emily Stevens (actress)	1.0	1.0	1.0
Jay Johnson (ventriloquist)	Jay Johnson	0.6842105263157895	0.35714285714285715	0.8617283950617284
Claude Piron	Piron	0.5882352941176471	0.3076923076923077	0.0
Matt Bloom	A Train	0.23529411764705882	0.0	0.32857142857142857
Farhad Aslani	Farhad Aslani	1.0	1.0	1.0
John C. Allen	John C. Allen	1.0	1.0	1.0
Ricardo Job Estévão	Estevao	0.5384615384615384	0.04	0.46365914786967416
Barb Wire	Barb wire	0.8888888888888888	0.5	0.9481481481481482
Cyril Mann	Cyril Mann	1.0	1.0	1.0
Judy Chamberlain	Judy Chamberlain	1.0	1.0	1.0
Mary II of England	Queen Mary	0.5714285714285714	0.07692307692307693	0.4777777777777778
Alfonso the Battler	Alfonso the Battler	1.0	1.0	1.0
Arthur Laurents	Arthur Laurents	1.0	1.0	1.0
Connie Mulder	Connie Mulder	1.0	1.0	1.0
Mark Houghton	Mark Houghton	1.0	1.0	1.0
Egotistico Fantastico	Egotistico Fantastico	1.0	1.0	1.0
Irene Doukaina Laskarina	Irene Doukaina Laskarina	1.0	1.0	1.0
George Allen (ice hockey)	George Allen (ice hockey)	1.0	1.0	1.0
Simon of Worcester	Simon of Worcester	1.0	1.0	1.0
Akira Toriyama	Akira Toriyama	1.0	1.0	1.0
William II, Landgrave of Hesse	Wilhelm II	0.6	0.1111111111111111	0.7822222222222222
Jack Hogg	Jack Hogg	1.0	1.0	1.0
James Cooper (Canadian politician)	James Cooper	0.717391304347826	0.3235294117647059	0.8490196078431372
Thomas Reap	Thomas Reap	1.0	1.0	1.0
Charles Lyell	Lyell	0.6666666666666666	0.2857142857142857	0.3512820512820513
Arthur Eddington	Arthur Eddington	1.0	1.0	1.0
Anton Drexler	Anton Drexler	1.0	1.0	1.0
Andrei Sakharov	Andrei Sakharov	1.0	1.0	1.0
Magnus, Duke of Saxony	Magnus I	0.6333333333333333	0.2	0.8117424242424243
Maria Nalbandian	Nalbandian	0.8846153846153846	0.5294117647058824	0.7416666666666667
Fabricio Agosto Ramírez	Fabricio Ramirez	0.8717948717948718	0.5	0.9042572463768117
Russell Smith (singer)	Russell Smith	0.8571428571428571	0.5217391304347826	0.9045454545454545
Gordon Fraser (actor)	Gordon Fraser (actor)	1.0	1.0	1.0
Carl Menger	Carl Menger	1.0	1.0	1.0
Abdulaziz al-Omari	Abdulaziz al-Omari	1.0	1.0	1.0
Aldous Huxley	Aldous Huxley	1.0	1.0	1.0
Gerald Brom	Gerald Brom	1.0	1.0	1.0
Alaina Johnson	Alaina Johnson	1.0	1.0	1.0
Antoine Thomson d'Abbadie	Antoine Thomson d'Abbadie	1.0	1.0	1.0
Newton Santos de Oliveira	Newton Santos de Oliveira	1.0	1.0	1.0
Captain America	Captain America	1.0	1.0	1.0
Bernard Montgomery	Bernard Montgomery, 1st Viscount Montgomery of Alamein	0.8333333333333334	0.3695652173913043	0.8444444444444443
Oliver Cuadrado Martín	Oliver Cuadrado Martin	0.9772727272727273	0.76	0.9787878787878788
Jean-François Delacroix	Jean-Francois	0.8611111111111112	0.3333333333333333	0.8626532887402453
Bill Clinton	BJC	0.26666666666666666	0.0	0.6499999999999999
Charlotte Brontë	Brontëan	0.7916666666666666	0.2	0.5125000000000001
Louis IV, Grand Duke of Hesse	Ludwig	0.2571428571428571	0.0	0.5663793103448276
Arthur P. Jacobs	Arthur P. Jacobs	1.0	1.0	1.0
Roger Gaúcho	Roger Roberto dos Santos	0.6666666666666666	0.16129032258064516	0.7375
Alessandro Allori	Alessandro Allori	1.0	1.0	1.0
Paul of Greece	Paul of Greece	1.0	1.0	1.0
Louis V of France	Louis of France	0.96875	0.7777777777777778	0.9492156862745098
Raphael	Raphael	1.0	1.0	1.0
Christian I of Denmark	Christian I of Denmark	1.0	1.0	1.0
Walter Schmidt (SS officer)	Walter Schmidt	0.8780487804878049	0.4642857142857143	0.8876543209876544
Christian IV of Denmark	Christian IV of Denmark	1.0	1.0	1.0
Bill Macy	Bill Macy	1.0	1.0	1.0
Victorinus	Victorinus	1.0	1.0	1.0
Wilson Roberto dos Santos	Wilson Roberto dos Santos	1.0	1.0	1.0
Henry II of England	Henry II of England	1.0	1.0	1.0
Blythe Danner	Blythe Danner	1.0	1.0	1.0
Alfred the Great	Alfred the Great	1.0	1.0	1.0
Ardal O'Hanlon	O'Hanlon	0.8181818181818182	0.4666666666666667	0.7321428571428571
Brownie McGhee	Brownie	0.7619047619047619	0.4	0.8833333333333334
Clement of Alexandria	Clement of Alexandria	1.0	1.0	1.0
Andronikos II Palaiologos	Andronicus	0.6285714285714286	0.20689655172413793	0.7946666666666666
Catherine King (radio broadcaster)	Catherine King	0.8125	0.37142857142857144	0.8627450980392156
Bing Crosby	Bing Crosby	1.0	1.0	1.0
Benjamin Franklin	Benjamin Franklin	1.0	1.0	1.0
Rudolf II, Holy Roman Emperor	Rudolf II	0.6842105263157895	0.26666666666666666	0.8390804597701149
A. E. van Vogt	A. E. van Vogt	1.0	1.0	1.0
Ariel Sharon	Lily Sharon	0.8260869565217391	0.35294117647058826	0.8560606060606061
Roberto Gomes Júnior	Junior	0.5384615384615384	0.13043478260869565	0.4777777777777778
Blind Willie McTell	Blind Willie McTell	1.0	1.0	1.0
André-Marie Ampère	Ampere	0.625	0.09090909090909091	0.5
Johann Michael Hahn	Johann Michael Hahn	1.0	1.0	1.0
Aa (architect)	Aa	0.3125	0.06666666666666667	0.7714285714285715
Akhenaton (rapper)	Akhenaton	0.7407407407407407	0.42105263157894735	0.8833333333333334
Israel (footballer)	Israel	0.68	0.25	0.8403508771929825
Apuleius	Apuleius	1.0	1.0	1.0
Joseph Bonnier de la Mosson	Joseph Bonnier de la Mosson	1.0	1.0	1.0
Roberto Alcântara Ballesteros	Roberto Alcantara Ballesteros	0.9827586206896551	0.8125	0.9505747126436781
Charles I of England	Charles I	0.7586206896551724	0.38095238095238093	0.8716666666666667
Carlos Valderrama	Carlos Valderrama	1.0	1.0	1.0
Elias Alves da Silva	Elias Alves da Silva	1.0	1.0	1.0
A. E. Housman	A. E. Housman	1.0	1.0	1.0
Bal Thackeray	Bal Thackeray	1.0	1.0	1.0
Hendrich Miller Meireles Bernardo	Hendrich Miller Meireles Bernardo	1.0	1.0	1.0
Saint Pantaleon	Saint Pantaleon	1.0	1.0	1.0
Berry Berenson	Berry Berenson	1.0	1.0	1.0
Aldona of Lithuania	Aldona	0.64	0.25	0.8403508771929825
Ferdinand, Duke of Breisgau	Ferdinand, Duke of Breisgau	1.0	1.0	1.0
Bernard Montgomery	Bernard Law Montgomery	0.95	0.7391304347826086	0.9575757575757576
Wilson Rodrigues de Moura Júnior	Wilson Rodrigues de Moura Júnior	1.0	1.0	1.0
Henry the Fowler	Henry I the Fowler	0.9705882352941176	0.7894736842105263	0.9449074074074074
Bohdan Khmelnytsky	Bohdan Khmelnytsky	1.0	1.0	1.0
Bruce Campbell	Bruce Campbell	1.0	1.0	1.0
Ferdinand I of Aragon	Ferdinand of Aragon	0.975	0.8181818181818182	0.9593567251461987
Gerhard (cartoonist)	Gerhard	0.5925925925925926	0.2857142857142857	0.8483333333333334
Leslie Roberts	Leslie Roberts	1.0	1.0	1.0
Arthur Schopenhauer	Arthur Schopenhauer	1.0	1.0	1.0
Alexios III Angelos	Alexios Angelos	0.9117647058823529	0.7	0.9508771929824562
Christiaan Barnard	Christiaan Barnard	1.0	1.0	1.0
Bruce Perens	Bruce Perens	1.0	1.0	1.0
Francis Richards (diplomat)	Francis Richards	0.8372093023255814	0.5357142857142857	0.9049382716049382
Ferdinand II of the Two Sicilies	Ferdinand II	0.75	0.3333333333333333	0.8541666666666666
Alfonso XIII of Spain	Alfonso XIII of Spain	1.0	1.0	1.0
Anton Chekhov	Anton Chekhov	1.0	1.0	1.0
Roberto Volpato	Roberto Volpato	1.0	1.0	1.0
Andronikos I Komnenos	Andronikos I	0.9090909090909091	0.5	0.9
Barış Manço	Barıs	0.5625	0.23076923076923078	0.8048484848484848
Francisco Delgado Melo	Francisco Delgado Melo	1.0	1.0	1.0
Paul Brandt	Paul Brandt	1.0	1.0	1.0
Julius Weise	Julius Weise	1.0	1.0	1.0
Philip II of Macedon	Philip II of Macedon	1.0	1.0	1.0
Ambrose	Ambrose	1.0	1.0	1.0
Casimir III the Great	Casimir	0.5714285714285714	0.2727272727272727	0.8444444444444443
Annie Lee Moss	Annie Lee Moss	1.0	1.0	1.0
Hermes Neves Soares	Hermes Neves Soares	1.0	1.0	1.0
Nora S. Unwin	Nora S. Unwin	1.0	1.0	1.0
Bjarne Stroustrup	Bjarne Stroustrup	1.0	1.0	1.0
Augustine Ahinful	Augustine Ahinful	1.0	1.0	1.0
Carey Wilson (writer)	Carey Wilson	0.8787878787878788	0.5	0.9
Paris (rapper)	Paris (rapper)	1.0	1.0	1.0
Alexander Grothendieck	Alexander Grothendieck	1.0	1.0	1.0
Bruce Sterling	Bruce Sterling	1.0	1.0	1.0
Michoel Fisher	Michael Fisher	0.9285714285714286	0.6470588235294118	0.9666666666666667
Agner Krarup Erlang	Agner Krarup Erlang	1.0	1.0	1.0
Ani DiFranco	Ani DiFranco	1.0	1.0	1.0
Carol Kane	Carol Kane	1.0	1.0	1.0
Dale Murray (musician)	Dale Murray	0.7575757575757576	0.43478260869565216	0.8833333333333334
Albert Frederick, Duke of Prussia	Albert Frederick, Duke of Prussia	1.0	1.0	1.0
Augustine of Hippo	St. Augustine	0.7419354838709677	0.2916666666666667	0.624928774928775
Hermes Rodrigues Júnior	Junior	0.5517241379310345	0.12	0.4323671497584541
Benoit Mandelbrot	Benoit Mandelbrot	1.0	1.0	1.0
Ayn Rand	Ayn	0.6363636363636364	0.2222222222222222	0.8541666666666666
Ferdinand II of Portugal	Ferdinand of Portugal	0.9555555555555556	0.8	0.9541666666666667
J (South Korean singer)	J (singer)	0.7575757575757576	0.32	0.6953140096618358
Anatoly Karpov	Karpov	0.7	0.3333333333333333	0.4920634920634921
Charles Babbage	Charles Babbage	1.0	1.0	1.0
Marcán	Marcán	1.0	1.0	1.0
Calvin and Hobbes	Calvinball	0.7407407407407407	0.22727272727272727	0.8006372549019608
Bertrand Andrieu	Bertrand Andrieu	1.0	1.0	1.0
Britney Spears	Sean Preston Federline	0.7777777777777778	0.0	0.5896103896103896
Jacob van Campen	Van Kampen	0.6923076923076923	0.23809523809523808	0.7041666666666666
Blake Williams (basketball)	Blake Williams	0.8780487804878049	0.4642857142857143	0.8876543209876544
Ferdinando II de' Medici, Grand Duke of Tuscany	Ferdinand II	0.7288135593220338	0.20833333333333334	0.8262411347517731
Hermann Huppen	Hermann Huppen	1.0	1.0	1.0
Rodrigo Fernandes Valete	Rodrigo Fernandes Valete	1.0	1.0	1.0
Bruno of Querfurt	Bruno of Querfurt	1.0	1.0	1.0
Arthur Wellesley, 1st Duke of Wellington	Arthur Wellesley	0.8035714285714286	0.39473684210526316	0.86
Björn Borg	Bjorn Borg	0.95	0.5384615384615384	0.9466666666666665
Nicholas of Arbroath	Nicholas of Arbroath	1.0	1.0	1.0
Aga Khan I	Aga Khan	0.9444444444444444	0.6363636363636364	0.9533333333333333
Buff Bagwell	Buff Bagwell	1.0	1.0	1.0
Don Callis	Don Callis	1.0	1.0	1.0
Asser	Asser	1.0	1.0	1.0
A. A. Milne	A. A. Milne	1.0	1.0	1.0
Best (Portuguese footballer)	Best (Portuguese footballer)	1.0	1.0	1.0
Camilla Hall	Camilla Hall	1.0	1.0	1.0
Philip I of France	Philippe I	0.75	0.21739130434782608	0.8237037037037037
Gustavo Breda Rodrigues	Gustavo Breda Rodrigues	1.0	1.0	1.0
Alfred Nobel	Nobel	0.7058823529411765	0.3076923076923077	0.35555555555555557
Ricardo (footballer, born 1976)	Ricardo Pereira	0.6739130434782609	0.1794871794871795	0.7811559139784946
Charles Martel	Martel	0.8	0.3333333333333333	0.5674603174603174
Claude Monet	Monet	0.6470588235294118	0.3076923076923077	0.42777777777777776
Bill Gates	Wikipedia:Help desk/Archive 21	0.5	0.0	0.48888888888888893
Antônio de Moura Carvalho	Antônio de Moura Carvalho	1.0	1.0	1.0
Ercole, Lord of Monaco	Ercole	0.6428571428571429	0.21739130434782608	0.8303030303030302
Roger (larderer)	Roger	0.7142857142857143	0.23529411764705882	0.8395833333333333
Abdülaziz of the Ottoman Empire	Abdülaziz	0.5	0.25	0.8344086021505376
William II of Württemberg	William II of Württemberg	1.0	1.0	1.0
Maria d'Este	Maria d'Este	1.0	1.0	1.0
Raphael Tessaro Schettino	Raphael Tessaro Schettino	1.0	1.0	1.0
Ahmed I	Ahmed I	1.0	1.0	1.0
Henry II, Landgrave of Hesse	Henry II, Landgrave of Hesse	1.0	1.0	1.0
Ricardo (footballer, born 1976)	Ricardo	0.5263157894736842	0.1875	0.8193548387096774
Bert Bakker	Bert Bakker	1.0	1.0	1.0
Marcian	Marcian	1.0	1.0	1.0
Alexander Fleming	Alexander Fleming	1.0	1.0	1.0
Ananda	Ananda	1.0	1.0	1.0
Wilde Gomes da Silva	Wilde Gomes da Silva	1.0	1.0	1.0
Andrew II of Hungary	Andrew II	0.7586206896551724	0.38095238095238093	0.8716666666666667
Alexander Kerensky	Alexander Kerensky	1.0	1.0	1.0
Bela Lugosi	Béla Lugosi	0.9090909090909091	0.5714285714285714	0.9454545454545455
Albert III, Duke of Saxony	Albert III	0.6666666666666666	0.3333333333333333	0.8564102564102564
Alfonso IV of Aragon	Alfonso IV of Aragon	1.0	1.0	1.0
Prince Napoléon Bonaparte	Napoleon	0.696969696969697	0.1	0.6066666666666667
Andrew Carnegie	Andrew Carnegie	1.0	1.0	1.0
Baruch Spinoza	Baruch Spinoza	1.0	1.0	1.0
Martial	Martial	1.0	1.0	1.0
Adelaide of Italy	Adelaide of Italy	1.0	1.0	1.0
Maria, wife of Constantine V	Maria	0.3939393939393939	0.13793103448275862	0.8083333333333333
Bille August	Bille August	1.0	1.0	1.0
Julian (actor)	Julian (pornographic actor)	0.9024390243902439	0.41379310344827586	0.7981481481481482
Personal life of Leonardo da Vinci	Personal life of Leonardo da Vinci	1.0	1.0	1.0
Bayezid II	Veli	0.2857142857142857	0.0	0.5666666666666667
Carl Barks	Carl Barks	1.0	1.0	1.0
Irene of Athens	Saint Irene	0.6923076923076923	0.13043478260869565	0.5868686868686869
Agnes of Merania	Agnes of Merania	1.0	1.0	1.0
Amitabh Bachchan	Amida	0.47619047619047616	0.10526315789473684	0.7783333333333333
Augustine of Hippo	Augustine of Hippo	1.0	1.0	1.0
Abd ar-Rahman V	Abd ar-Rahman V	1.0	1.0	1.0
Ferdinand III, Grand Duke of Tuscany	Ferdinand III	0.7551020408163265	0.34285714285714286	0.850925925925926
Francis José da Silva	Francis José da Silva	1.0	1.0	1.0
Alvar Aalto	Hugo Alvar Henrik Aalto	0.7647058823529411	0.36	0.4802371541501976
Prince Hermann of Saxe-Weimar-Eisenach (1886–1964)	Prince Hermann of Saxe-Weimar-Eisenach	0.875	0.7254901960784313	0.944
Antoine Lavoisier	Lavoisier	0.8076923076923077	0.4444444444444444	0.47657952069716775
Andrew Tridgell	Tridge	0.7142857142857143	0.23529411764705882	0.45555555555555555
Bob Costas	Costas	0.8125	0.45454545454545453	0.8111111111111112
Alp Arslan	Alp Arslan	1.0	1.0	1.0
Abu Bakr	Abu Bakr	1.0	1.0	1.0
Robert Pereira da Silva	Robert Pereira da Silva	1.0	1.0	1.0
Gordon Fraser (footballer)	Gordon Fraser	0.8205128205128205	0.4444444444444444	0.8833333333333334
Stephen Harris (painter)	Stephen Harris	0.9473684210526315	0.52	0.9027777777777778
Ricardo (footballer, born 1971)	Ricardo López Felipe	0.6470588235294118	0.1590909090909091	0.712644183773216
Abel Tasman	Abel Tasman	1.0	1.0	1.0
Elias Mendes Trindade	Elias Mendes Trindade	1.0	1.0	1.0
Bill Leyden	Bill Leyden	1.0	1.0	1.0
Akira Kurosawa	Akira Kurosawa	1.0	1.0	1.0
May (singer)	May (singer)	1.0	1.0	1.0
Arthur Miller	Arthur Miller	1.0	1.0	1.0
Bill Watterson	Bill Watterson	1.0	1.0	1.0
Israel Delgado	Israel Delgado Andres	0.9428571428571428	0.5909090909090909	0.9222222222222222
Aga Khan III	Aga Khan	0.85	0.5384615384615384	0.9222222222222222
Maria Kanellis	Maria Kanellis	1.0	1.0	1.0
Willibrord	Willibrord	1.0	1.0	1.0
Alfons Maria Jakob	Alfons Maria Jakob	1.0	1.0	1.0
Wilson Rodrigues Fonseca	Wilson Rodrigues Fonseca	1.0	1.0	1.0
Louis XVII of France	Louis, Dauphin of France	0.8181818181818182	0.41935483870967744	0.8172222222222223
Walter Babington Thomas	Walter Babington Thomas	1.0	1.0	1.0
Julien Frier	Julien Frier	1.0	1.0	1.0
Albert Speer	Albert Speer	1.0	1.0	1.0
Atle Selberg	Atle Selberg	1.0	1.0	1.0
Brion Gysin	Brion Gysin	1.0	1.0	1.0
Axayacatl	Axayacatl	1.0	1.0	1.0
Molière	Moliere	0.9285714285714286	0.4	0.8944444444444445
ODB (wrestler)	ODB (wrestler)	1.0	1.0	1.0
Abd-ar-Rahman III	Abd-ar-Rahman III	1.0	1.0	1.0
Albert, Duke of Prussia	Albrecht of Brandenburg	0.6956521739130435	0.09523809523809523	0.7423913043478261
Antonio Farnese, Duke of Parma	Antonio Farnese	0.8444444444444444	0.45161290322580644	0.8833333333333334
Sidney Santos de Brito	Sidney Santos de Brito	1.0	1.0	1.0
Marilyn Harris (actress)	Marilyn Harris (actress)	1.0	1.0	1.0
Ricardo (footballer, born 1980)	Ricardo Jorge Ferreira Pinto da Silva	0.7647058823529411	0.11475409836065574	0.730478865962737
C. L. Moore	C. L. Moore	1.0	1.0	1.0
Ceawlin of Wessex	Ceawlin of Wessex	1.0	1.0	1.0
Herman (Swaiko)	Herman (Swaiko)	1.0	1.0	1.0
Carlo Collodi	Carlo Collodi	1.0	1.0	1.0
Attila	Attila	1.0	1.0	1.0
Bernie Federko	Bernie Federko	1.0	1.0	1.0
Francis, Duke of Teck	Francis	0.5357142857142857	0.2727272727272727	0.8444444444444443
Louis XV of France	Louis of France	0.9393939393939394	0.7368421052631579	0.9377777777777778
Aage Bohr	Aage Bohr	1.0	1.0	1.0
Mann (rapper)	Mann (rapper)	1.0	1.0	1.0
Heath (musician)	Heath	0.5238095238095238	0.23529411764705882	0.8395833333333333
Helena (empress)	Helena of Byzantium	0.6	0.20689655172413793	0.7213815789473684
Hermann Bauer	Hermann Bauer	1.0	1.0	1.0
Christopher Marlowe	Christopher	0.8333333333333334	0.5	0.9017543859649123
Russell Hamilton	Russell Hamilton	1.0	1.0	1.0
Maria, wife of Ivan Vladislav	Maria, wife of Ivan Vladislav	1.0	1.0	1.0
Albert Alcibiades, Margrave of Brandenburg-Kulmbach	Albert Alcibiades, Margrave of Brandenburg-Kulmbach	1.0	1.0	1.0
Amalric of Jerusalem	Amalric	0.6666666666666666	0.2857142857142857	0.8483333333333334
Henry II, Holy Roman Emperor	Henry II, Holy Roman Emperor	1.0	1.0	1.0
Bo Diddley	Bo Diddley	1.0	1.0	1.0
Boudica	Boadicea	0.8666666666666667	0.15384615384615385	0.8952380952380953
Bumin Qaghan	Bumin Qaghan	1.0	1.0	1.0
Carl Rogers	Carl Rogers	1.0	1.0	1.0
Prince Francis, Count of Trapani	Prince Francis, Count of Trapani	1.0	1.0	1.0
Anthony da Silva	Anthony da Silva	1.0	1.0	1.0
Chet Atkins	Chet Atkins	1.0	1.0	1.0
Arnulf of Carinthia	Arnulf of Carinthia	1.0	1.0	1.0
Wagner Corrêa Machado	Wagner Corrêa Machado	1.0	1.0	1.0
Afonso VI of Portugal	Afonso of Portugal	0.9487179487179487	0.7727272727272727	0.9472222222222222
Al Capone	Al Capone	1.0	1.0	1.0
Alexander Agassiz	Alexander Emanuel Agassiz	0.9285714285714286	0.6153846153846154	0.9047450980392157
Andronikos III Palaiologos	Andronicus	0.6111111111111112	0.2	0.7917948717948718
Big Brother (Nineteen Eighty-Four)	Big Brother (Nineteen Eighty-Four)	1.0	1.0	1.0
DJ Ajax	DJ Ajax	1.0	1.0	1.0
Anatole France	Anatole France	1.0	1.0	1.0
Montesquieu	Montesquieu	1.0	1.0	1.0
Clark Ashton Smith	CAS	0.2857142857142857	0.0	0.6333333333333333
Achille Casanova	Achille Casanova	1.0	1.0	1.0
Anaxagoras	Anaxagoras	1.0	1.0	1.0
Alfred Lawson	Alfred Lawson	1.0	1.0	1.0
Alan Garner	Alan Garner	1.0	1.0	1.0
David Pereira da Costa	David Pereira da Costa	1.0	1.0	1.0
Aziz (artist)	Aziz	0.5294117647058824	0.21428571428571427	0.8384615384615384
Napoleon	Napoleon	1.0	1.0	1.0
Francis, Duke of Anjou	Francis	0.5172413793103449	0.2608695652173913	0.8409090909090909
Morris (cartoonist)	Morris	0.68	0.25	0.8403508771929825
Donatello	Donatello	1.0	1.0	1.0
Albert Casimir, Duke of Teschen	Albert of Saxony	0.6595744680851063	0.20512820512820512	0.7341214565004888
Ferdinand I, Holy Roman Emperor	Ferdinand I, Holy Roman Emperor	1.0	1.0	1.0
Jack Stevens	Jack Stevens	1.0	1.0	1.0
Bob Young (businessman)	Bob Young (businessman)	1.0	1.0	1.0
James Johnston (Secretary of State)	James Johnston	0.8163265306122449	0.3611111111111111	0.86
Samuel Hunter Adams	Samuel Hunter Adams	1.0	1.0	1.0
Sivaji Ganesan	Sivaji Ganesan	1.0	1.0	1.0
Ernest, Count of Lippe-Biesterfeld	Ernest II, Count of Lippe-Biesterfeld	0.971830985915493	0.8157894736842105	0.9433359830418654
Sebastiano del Piombo	Sebastiano	0.8064516129032258	0.4090909090909091	0.8777777777777779
Thomas Arnold (bobsleigh)	Thomas Arnold (bobsleigh)	1.0	1.0	1.0
Canaletto	Canaletto	1.0	1.0	1.0
Babrak Karmal	Babrak Karmal	1.0	1.0	1.0
Frederick Muller	Frederick Muller	1.0	1.0	1.0
Robert Huber	Robert Huber	1.0	1.0	1.0
Billy Bob Thornton	BBT	0.2857142857142857	0.0	0.7500000000000001
Agatha Christie	Agatha Christie Ltd.	0.9142857142857143	0.6666666666666666	0.9416666666666667
Titian	Titian	1.0	1.0	1.0
Kate Jacobs	Kate Jacobs	1.0	1.0	1.0
Carl Linnaeus	Carl Linnaeus	1.0	1.0	1.0
Hubert de Givenchy	Hubert de Givenchy	1.0	1.0	1.0
Christian Goldbach	Christian Goldbach	1.0	1.0	1.0
Ferdinand II, Archduke of Austria	Ferdinand II	0.7333333333333333	0.3235294117647059	0.8515151515151516
Akira Toriyama	Toccio the Angel	0.43333333333333335	0.0	0.3452380952380952
Arlo Guthrie	Arlo Guthrie	1.0	1.0	1.0
Albert N. Whiting	Albert N. Whiting	1.0	1.0	1.0
John H. Hoffman	John H. Hoffman	1.0	1.0	1.0
Humphrey, Duke of Gloucester	Humphrey of Lancaster, 1st Duke of Gloucester	0.9315068493150684	0.5681818181818182	0.8285185185185185
Yuasa Yoshiko	Yuasa	0.6666666666666666	0.2857142857142857	0.8564102564102564
Ada Lovelace	Ada Lovelace	1.0	1.0	1.0
Bernard of Italy	Bernard of Italy	1.0	1.0	1.0
Billy Crystal	Billy Crystal	1.0	1.0	1.0
Wilhelm Ernst	Wilhelm Ernst	1.0	1.0	1.0
Charles Mingus	Mingus	0.65	0.3333333333333333	0.41269841269841273
Roger Machado Marques	Roger Machado Marques	1.0	1.0	1.0
Albert Einstein	Albert Einstein	1.0	1.0	1.0
Russell Smith (writer)	Russell Smith	0.8571428571428571	0.5217391304347826	0.9045454545454545
Alastair Martin	Alastair Martin	1.0	1.0	1.0
Ricardo Rocha (Brazilian footballer, born 1965)	Ricardo Cordeiro da Rocha	0.7361111111111112	0.18032786885245902	0.7842501611863313
Roberto Fernández Bonillo	Roberto Fernández Bonillo	1.0	1.0	1.0
Albert VII, Archduke of Austria	Albert of Austria	0.8333333333333334	0.5	0.8397216951296648
Alexander III of Scotland	Cultural depictions of Alexander III of Scotland	0.9041095890410958	0.5	0.6869444444444445
Andre Agassi	Andre	0.6470588235294118	0.3076923076923077	0.863888888888889
Henry I of France	Henry I of France	1.0	1.0	1.0
Charles Baudelaire	Charles Baudelaire	1.0	1.0	1.0
Andrei Tarkovsky	Concentrate (screenplay)	0.6	0.0	0.5347222222222222
Bertrand Russell	Bertrand Russell	1.0	1.0	1.0
David Charles (physician)	David Charles (physician)	1.0	1.0	1.0
Jan Janssen	Jan Janssen	1.0	1.0	1.0
Anders Celsius	Anders Celsius	1.0	1.0	1.0
Calista Flockhart	Calista Flockhart	1.0	1.0	1.0
Beatrix Potter	Beatrix Potter	1.0	1.0	1.0
Christina, Queen of Sweden	Christina, Queen of Sweden	1.0	1.0	1.0
Causantín mac Cináeda	Constantine I	0.7647058823529411	0.030303030303030304	0.6686263736263736
J (musician)	J	0.15384615384615385	0.0	0.7249999999999999
Helena (empress)	St. Helen	0.56	0.13636363636363635	0.5138888888888888
Albert Camus	Albert Camus	1.0	1.0	1.0
Anastasius I Dicorus	Anastasius I Dicorus	1.0	1.0	1.0
Bernard of Kilwinning	Bernard of Kilwinning	1.0	1.0	1.0
Voltaire (musician)	Voltaire (musician)	1.0	1.0	1.0
Ansgar	Ansgar	1.0	1.0	1.0
Philip I of Castile	Philip I of Castile	1.0	1.0	1.0
Augustine of Canterbury	Augustinus	0.6363636363636364	0.2692307692307692	0.8011594202898551
Christian VIII of Denmark	Christian VIII of Denmark	1.0	1.0	1.0
Augustin-Jean Fresnel	Augustin-Jean Fresnel	1.0	1.0	1.0
Albert, Duke of Schleswig-Holstein	Albert, Duke of Schleswig-Holstein	1.0	1.0	1.0
Vicar (cartoonist)	Vicar (comics)	0.875	0.2916666666666667	0.888888888888889
Mieczyslaw Gruber	Gruber	0.5652173913043478	0.2777777777777778	0.48366013071895425
Akira Toriyama	Pola & Roid	0.52	0.0	0.42478354978354976
Chuck D	Chuck D	1.0	1.0	1.0
Camille Pissarro	Camille Pissarro	1.0	1.0	1.0
Neneco Norton	Neneco Norton	1.0	1.0	1.0
Ainslie Roberts	Ainslie Roberts	1.0	1.0	1.0
Andrey Markov	Andrei Markov	0.9230769230769231	0.625	0.9641025641025641
Arthur W. Murray	Arthur W. Murray	1.0	1.0	1.0
Jones Leandro	Jones Leandro	1.0	1.0	1.0
Richard III, Duke of Normandy	Richard III	0.7	0.3333333333333333	0.8551724137931035
Bela Lugosi	Bela Lugosi	1.0	1.0	1.0
Carlo Goldoni	Carlo Goldoni	1.0	1.0	1.0
Charlemagne	Gisela	0.47058823529411764	0.0	0.47979797979797983
Alois Alzheimer	Alzheimer	0.875	0.6	0.8340740740740741
Bobby Charlton	Robert Charlton	0.8620689655172413	0.38095238095238093	0.7336219336219335
Anaximenes of Miletus	Anaximenes of Miletus	1.0	1.0	1.0
Anna Kournikova	Anna Kournikova	1.0	1.0	1.0
Athanasius of Alexandria	Athanasius of Alexandria	1.0	1.0	1.0
Absalon	Absalom	0.8571428571428571	0.5555555555555556	0.9333333333333333
Alexios V Doukas	Emperor Alexius	0.7096774193548387	0.10714285714285714	0.548611111111111
Albrecht Dürer	Durer	0.5263157894736842	0.11764705882352941	0.5142857142857143
Blind Lemon Jefferson	Blind Lemon Jefferson	1.0	1.0	1.0
Cornelis Pronk	Cornelis Pronk	1.0	1.0	1.0
Military career of Napoleon Bonaparte	Military career of Napoleon Bonaparte	1.0	1.0	1.0
Anne Brontë	Bronte	0.8235294117647058	0.21428571428571427	0.5050505050505051
Casimir III the Great	Casimir III of Poland	0.6904761904761905	0.3548387096774194	0.8444444444444443
Catherine Coleman	Catherine Coleman	1.0	1.0	1.0
Carl Friedrich Gauss	Carl Friedrich Gauss	1.0	1.0	1.0
Philip II, Duke of Savoy	Philip II, Duke of Savoy	1.0	1.0	1.0
Akira Toriyama	Wonder Island	0.4074074074074074	0.0	0.4061355311355312
Bob Hawke	Bob Hawke	1.0	1.0	1.0
Blake Williams	Bilko	0.5789473684210527	0.0	0.6132142857142858
Abbas II of Egypt	Abbas II of Egypt	1.0	1.0	1.0
Brian Boitano	Brian Boitano	1.0	1.0	1.0
Leonardo André Pimenta Faria	Leonardo Andre Pimenta Faria	0.9821428571428571	0.8064516129032258	0.9617283950617285
Arthur Schopenhauer	Schopenhauer's criticism of the proofs of the parallel postulate	0.7951807228915663	0.15151515151515152	0.573061790505676
Bill Mumy	Bill Mumy	1.0	1.0	1.0
Henry II of England	Cultural depictions of Henry II of England	0.8360655737704918	0.43902439024390244	0.523552470920892
Abu al-Faraj al-Isfahani	Al-Isfahani	0.8	0.375	0.5088636363636363
Alexander III of Russia	Emperor Alexander	0.7	0.21212121212121213	0.5417732310315431
Christian Doppler	Christian Doppler	1.0	1.0	1.0
Alfred Korzybski	Korzybie	0.7083333333333334	0.2	0.6041666666666666
Andrei Tarkovsky	Andrei Tarkovsky	1.0	1.0	1.0
C. Northcote Parkinson	C. Northcote Parkinson	1.0	1.0	1.0
Ferdinand III, Holy Roman Emperor	Ferdinand of Habsburg	0.6851851851851852	0.2	0.7827272727272728
Atlantis (wrestler)	Atlantis	0.7037037037037037	0.35	0.8649122807017544
Emii	Emii	1.0	1.0	1.0
Pierroth Jr.	Pierroth	0.85	0.5384615384615384	0.9222222222222222
Eldon Maquemba	Eldon	0.5263157894736842	0.26666666666666666	0.85
João Baptista Martins	Joao Martins	0.9090909090909091	0.32	0.7746031746031746
William II of the Netherlands	William II of the Netherlands	1.0	1.0	1.0
Robert, King of Naples	Robert	0.5	0.21739130434782608	0.8303030303030302
Abel Ferreira	Abel Ferreira	1.0	1.0	1.0
Maria (Japanese singer)	Maria	0.5	0.16666666666666666	0.8173913043478261
Benjamin D. Santer	Santer	0.6666666666666666	0.2631578947368421	0.4444444444444444
Bill Walsh (American football coach)	Bill Walsh	0.6521739130434783	0.25	0.8314814814814815
Alan Kay	Alan Kay	1.0	1.0	1.0
Maximilian I, Holy Roman Emperor	Emperor Maximilian	0.9	0.3611111111111111	0.5428240740740741
Charles C. Krulak	Charles C. Krulak	1.0	1.0	1.0
Barnabas	Barnabas	1.0	1.0	1.0
Clement Attlee	Clement Attlee	1.0	1.0	1.0
Alexis Carrel	Alexis Carrel	1.0	1.0	1.0
Tony da Costa Pinho	Tony da Costa Pinho	1.0	1.0	1.0
Michael I of Romania	Michael I of Romania	1.0	1.0	1.0
Arthur St. Clair	Arthur St. Clair	1.0	1.0	1.0
Amalric of Bena	Amalric	0.6818181818181818	0.375	0.8755555555555556
Claude Louis Berthollet	Claude Louis Berthollet	1.0	1.0	1.0
Farhad Darya	Nasher	0.5555555555555556	0.0	0.47222222222222215
Aleksandr Solzhenitsyn	Aleksandr Solzhenitsyn	1.0	1.0	1.0
Myriam Montemayor Cruz	Myriam Montemayor Cruz	1.0	1.0	1.0
Robert I, Prior of St Andrews	Robert I, Prior of St Andrews	1.0	1.0	1.0
Richard III of England	Richard III of England	1.0	1.0	1.0
Anthony of Saxony	Anthony of Saxony	1.0	1.0	1.0
Fanny Kaplan	Fanni Kaplan	0.9166666666666666	0.6	0.961111111111111
August Horch	August Horch	1.0	1.0	1.0
Christian Fernández Salas	Christian Fernandez Salas	0.98	0.7857142857142857	0.9375833333333333
Wilhelm II, German Emperor	Wilhelm II of Germany	0.8936170212765957	0.42424242424242425	0.8495014245014244
Bill Joy	Bill Joy	1.0	1.0	1.0
Hans Christian	Hans Christian	1.0	1.0	1.0
Mary Stuart, Countess of Bute	Mary Stuart	0.725	0.3333333333333333	0.8551724137931035
Paul Hamlyn	Paul Hamlyn	1.0	1.0	1.0
Charles Martel	Rotrude of Trier	0.4666666666666667	0.0	0.5565476190476191
Tobin Wolf	Tobin Wolf	1.0	1.0	1.0
Simon (cat)	Simon	0.625	0.3333333333333333	0.8727272727272728
Ferdinand VII of Spain	Ferdinand VII of Spain	1.0	1.0	1.0
Henry VII of England	Henry Tudor	0.6774193548387096	0.19230769230769232	0.7634848484848484
Alexander Mackenzie	Alexander Mackenzie	1.0	1.0	1.0
C. S. Lewis	Clive Lewis	0.7727272727272727	0.29411764705882354	0.7175324675324676
Farah Pahlavi	Farah Pahlavi	1.0	1.0	1.0
Chiang Kai-shek	Jieshi	0.5238095238095238	0.0	0.45555555555555555
Clarence Mackay	Clarence Mackay	1.0	1.0	1.0
Amyntas III of Macedon	Amyntas III of Macedon	1.0	1.0	1.0
Bob Knight	Bob Knight	1.0	1.0	1.0
Pascal Kondaponi	Pascal Kondaponi	1.0	1.0	1.0
Schwenck	Schwenck	1.0	1.0	1.0
Aage Bohr	Aage Niels Bohr	0.8333333333333334	0.5	0.9066666666666667
Calvin Coolidge	Calvin Coolidge	1.0	1.0	1.0
Johannes van den Bosch (chess player)	Johannes van den Bosch (chess player)	1.0	1.0	1.0
Chuck Yeager	Chuck Yeager	1.0	1.0	1.0
George W. Taylor (professor)	George W. Taylor (professor)	1.0	1.0	1.0
Postumus	Postumus	1.0	1.0	1.0
Boston Corbett	Boston Corbett	1.0	1.0	1.0
Meyer Carlos de Camargo Júnior	Meyer Carlos de Camargo Júnior	1.0	1.0	1.0
Bill Atkinson	Bill Atkinson	1.0	1.0	1.0
Abdul Hamid I	Abdul Hamid I	1.0	1.0	1.0
Berthe Morisot	Berthe Morisot	1.0	1.0	1.0
Paul Brand	Paul Brand	1.0	1.0	1.0
Aristotle	Aristotle	1.0	1.0	1.0
Jan Bernd Bicker	Jan Bernd Bicker	1.0	1.0	1.0
Chris Marker	Chris Marker	1.0	1.0	1.0
Robert of Bath	Robert of Bath	1.0	1.0	1.0
Werner Winter	Werner Winter	1.0	1.0	1.0
Nilton Pereira Mendes	Nilton Pereira Mendes	1.0	1.0	1.0
Dante (footballer)	Dante (footballer)	1.0	1.0	1.0
Hercules (wrestler)	Super Invader	0.46875	0.0	0.4535537561853351
Mary I of England	Queen Mary	0.5925925925925926	0.08	0.4843137254901961
Ahmed III	Ahmed III	1.0	1.0	1.0
Diego Mazquiarán	Diego Mazquiaran	0.96875	0.6842105263157895	0.9708333333333333
Charles Alston	Charles Alston	1.0	1.0	1.0
Lauren (footballer)	Lauren Etame Mayer	0.6756756756756757	0.1935483870967742	0.8110136452241715
Charles F. Hockett	Charles F. Hockett	1.0	1.0	1.0
Allan Dwan	Allan Dwan	1.0	1.0	1.0
Voltaire	Voltaire	1.0	1.0	1.0
Bernardo Fernandes da Silva	Bernardo Fernandes da Silva	1.0	1.0	1.0
Bernard of Clairvaux	Clairvaux	0.7241379310344828	0.38095238095238093	0.3833333333333333
Benjamin Smoke	Benjamin Smoke	1.0	1.0	1.0
Roger García Junyent	Roger García Junyent	1.0	1.0	1.0
Alexei Petrovich, Tsarevich of Russia	Tsarevich Alexei Petrovich of Russia	0.9863013698630136	0.7894736842105263	0.7745700245700246
Aron Nimzowitsch	Aaron Nimzovich	0.8387096774193549	0.34782608695652173	0.90375
Boom (entertainer)	Boom	0.36363636363636365	0.15789473684210525	0.8185185185185185
Henry III of France	Henry III of France	1.0	1.0	1.0
Abraham Lincoln	Abraham Lincoln	1.0	1.0	1.0
Eric Guerin	Eric Guerin	1.0	1.0	1.0
Antipope Boniface VII	Antipope Boniface VII	1.0	1.0	1.0
Pope Agatho	Pope Agatho	1.0	1.0	1.0
Karl Arndt	Karl Arndt	1.0	1.0	1.0
Bernhard Jensen	Bernhard Jensen	1.0	1.0	1.0
Claude Auchinleck	Claude Auchinleck	1.0	1.0	1.0
Afonso de Albuquerque	Afonso de Albuquerque	1.0	1.0	1.0
Howard E. Koch	Howard Koch	0.92	0.6666666666666666	0.95
Henry the Fowler	Henry the Fowler	1.0	1.0	1.0
Corona (footballer)	Corona (footballer)	1.0	1.0	1.0
Edgar Booth	Edgar Booth	1.0	1.0	1.0
Isabella of Savoy	Isabella of Savoy	1.0	1.0	1.0
David Abraham Cheulkar	David Abraham Cheulkar	1.0	1.0	1.0
Adam Weishaupt	Adam	0.5	0.2	0.8333333333333333
Roger Rodrigues da Silva	Roger Rodrigues da Silva	1.0	1.0	1.0
Leandro Alves da Cunha	Leandro Alves da Cunha	1.0	1.0	1.0
Rico Suave (wrestler)	Julio Estrada (wrestler)	0.8444444444444444	0.2857142857142857	0.6636904761904762
Chuck Jones	Chuck Jones	1.0	1.0	1.0
Francis García	Francis Garcia	0.9642857142857143	0.6470588235294118	0.9666666666666667
Double (singer)	Double	0.6190476190476191	0.3125	0.86
Roberto Orlando Affonso Júnior	Roberto Junior	0.7727272727272727	0.3333333333333333	0.7704040404040404
Leandro Mariano da Silva	Leandro Mariano da Silva	1.0	1.0	1.0
Christine de Pizan	Christine de Pizan	1.0	1.0	1.0
Roberto Calmon Félix	Roberto Calmon Félix	1.0	1.0	1.0
Tim (footballer)	Tim (footballer)	1.0	1.0	1.0
Elizabeth Miklosi	Elizabeth Miklosi	1.0	1.0	1.0
Lewis (cat)	Lewis	0.625	0.3333333333333333	0.8727272727272728
Alexander II of Scotland	Alexander II of Scotland	1.0	1.0	1.0
Johnson (composer)	Johnson (composer)	1.0	1.0	1.0
Ricardo Teixeira Vieira	Ricardo Teixeira Vieira	1.0	1.0	1.0
Abdul Rashid Dostum	Abdul Rashid Dostum	1.0	1.0	1.0
Bud Selig	Bud Selig	1.0	1.0	1.0
Clark Kent	Clark Kent	1.0	1.0	1.0
Lucebert	Lucebert	1.0	1.0	1.0
Britney Spears	Adnan Ghalib	0.38461538461538464	0.0	0.48809523809523814
Arcadius	Arcadius	1.0	1.0	1.0
Maria Franck	Maria Franck	1.0	1.0	1.0
Catherine of Aragon	Catherine of Aragon	1.0	1.0	1.0
Albertus Magnus	Albertus Magnus	1.0	1.0	1.0
Al Capone	Mae Capone	0.8421052631578947	0.46153846153846156	0.7544973544973544
Jeff Farmer (wrestler)	Jeff Farmer	0.8181818181818182	0.43478260869565216	0.8833333333333334
Ashoka	Asok	0.8	0.1111111111111111	0.9111111111111111
Chaim Topol	Chaim Topol	1.0	1.0	1.0
Bodhidharma	Bodhidharma	1.0	1.0	1.0
Carl Sagan	Mister X	0.2222222222222222	0.0	0.48333333333333334
Aspekt	Aspekt	1.0	1.0	1.0
Louis V, Landgrave of Hesse-Darmstadt	Ludwig V	0.4222222222222222	0.0	0.6121138996138997
Benjamin Lee Whorf	Benjamin Lee Whorf	1.0	1.0	1.0
Charles Evans Hughes	Justice Hughes	0.6470588235294118	0.21428571428571427	0.5494708994708996
Fernando Tobias de Carvalho	Fernando Tobias de Carvalho	1.0	1.0	1.0
Susan Cullen-Ward	Susan Cullen-Ward	1.0	1.0	1.0
Caitlin Clarke	Caitlin Clarke	1.0	1.0	1.0
Kam (rapper)	Kam (rapper)	1.0	1.0	1.0
Bernardo Domínguez	Dominguez	0.7037037037037037	0.22727272727272727	0.38888888888888884
Anders Franzén	Franzen	0.7619047619047619	0.16666666666666666	0.49404761904761907
Louis VI, Landgrave of Hesse-Darmstadt	Louis VI, Landgrave of Hesse-Darmstadt	1.0	1.0	1.0
Aaliyah	Aaliyah	1.0	1.0	1.0
Alaric I	Alaric I	1.0	1.0	1.0
Brian Kernighan	Brian Kernighan	1.0	1.0	1.0
Michael I of Romania	Angelica Kreuger	0.5833333333333334	0.0	0.41944444444444445
Anthony the Great	Anthony the Great	1.0	1.0	1.0
Louis IV, Holy Roman Emperor	Louis IV, Holy Roman Emperor	1.0	1.0	1.0
Alexander Jannaeus	Alexander Jannaeus	1.0	1.0	1.0
Caligula	Caligula	1.0	1.0	1.0
Rosamund Greenwood	Rosamund Greenwood	1.0	1.0	1.0
Amy Grant	Amy Grant	1.0	1.0	1.0
Richard Wagner (novelist)	Richard Wagner	0.8205128205128205	0.5	0.8973333333333334
Shiba Kōkan	Shiba Kokan	0.9090909090909091	0.5714285714285714	0.9575757575757576
Christian, Duke of Saxe-Eisenberg	Christian, Duke of Saxe-Eisenberg	1.0	1.0	1.0
Adam Carolla	Adam Carolla	1.0	1.0	1.0
Agustín de Iturbide y Green	Agustin de Iturbide y Green	0.9814814814814815	0.7931034482758621	0.9333570750237418
Maria of Antioch	Maria of Antioch	1.0	1.0	1.0
Christian, Prince-Elect of Denmark	Christian, Prince-Elect of Denmark	1.0	1.0	1.0
Wallace Fernando Pereira	Wallace Fernando Pereira	1.0	1.0	1.0
Rudolf I of Germany	Rudolf I	0.7407407407407407	0.35	0.8649122807017544
Maximum Capacity	Maximum Capacity	1.0	1.0	1.0
Anthony Hopkins	Anthony Hopkins	1.0	1.0	1.0
Alexander III of Scotland	Alexander III of Scotland	1.0	1.0	1.0
Magnus Olafsson	Magnus Olafsson	1.0	1.0	1.0
Afonso IV of Portugal	Afonso IV of Portugal	1.0	1.0	1.0
Maria Palaiologina Kantakouzene	Maria Palaiologina Kantakouzene	1.0	1.0	1.0
Alexis Korner	Alexis Korner	1.0	1.0	1.0
Beth Phoenix	Phoenix	0.8421052631578947	0.46153846153846156	0.7896825396825397
Afonso III of Portugal	Afonso III of Portugal	1.0	1.0	1.0
Adin Steinsaltz	Adin Steinsaltz	1.0	1.0	1.0
Christian Corrêa Dionisio	Christian Correa Dionisio	0.96	0.7857142857142857	0.9813333333333333
Henry II, Duke of Lorraine	Henry II	0.7058823529411765	0.25925925925925924	0.8384615384615384
Christine Lavin	Christine Lavin	1.0	1.0	1.0
J. W. Marcel Gilbert	J. W. Marcel Gilbert	1.0	1.0	1.0
Barbara Olson	Barbara Olson	1.0	1.0	1.0
Rudolf I of Bohemia	Rudolf I	0.7777777777777778	0.35	0.8649122807017544
Tim (singer)	First Young Min	0.5925925925925926	0.0	0.5166666666666667
Burt Lancaster	Burt Lancaster	1.0	1.0	1.0
Akio Morita	Akio Morita	1.0	1.0	1.0
André Gide	Andre Gide	0.95	0.5384615384615384	0.9533333333333333
Björn Ulvaeus	Bjoern Ulvaeus	0.9259259259259259	0.5882352941176471	0.9413919413919414
Maria of Montferrat	Queen Mary	0.6551724137931034	0.03571428571428571	0.42105263157894735
Maria, wife of Leo III	Maria	0.4074074074074074	0.17391304347826086	0.8196969696969698
Barry Bonds	Barry Bonds	1.0	1.0	1.0
Bill Schelter	Bill Schelter	1.0	1.0	1.0
Francis, Duke of Saxe-Coburg-Saalfeld	Franz	0.2857142857142857	0.07692307692307693	0.7452252252252253
Aeschylus	Aeschylus	1.0	1.0	1.0
Ambrose of Alexandria	Ambrose of Alexandria	1.0	1.0	1.0
Origen	Origen	1.0	1.0	1.0
Albert of Saxony	Albert of Saxony	1.0	1.0	1.0
Alessandro Volta	Alessandro	0.8846153846153846	0.5294117647058824	0.9125
Alfonso Cuarón	Alfonso Cuarón	1.0	1.0	1.0
Attila	Attila the Hun	0.65	0.3333333333333333	0.8666666666666668
Augustus	Sebaste	0.3333333333333333	0.0	0.5119047619047619
Benny Andersson	Benny Andersson	1.0	1.0	1.0
Alfred Jarry	Alfred Jarry	1.0	1.0	1.0
Billy Boy (wrestler)	Billy Boy	0.6896551724137931	0.38095238095238093	0.8716666666666667
Faria Alam	Faria Alam	1.0	1.0	1.0
Ricardo Valter da Costa	Ricardo Valter da Costa	1.0	1.0	1.0
Henri Christophe	Christophe	0.8846153846153846	0.5294117647058824	0.8083333333333332
Henry II, Margrave of Meissen	Henry II	0.6756756756756757	0.23333333333333334	0.8310344827586208
Ferdinand I of Portugal	Ferdinand I of Portugal	1.0	1.0	1.0
Job (comics)	Job	0.4666666666666667	0.15384615384615385	0.825
Edna Mae Harris	Edna Mae Harris	1.0	1.0	1.0
Bram Stoker	Dracula's Castle	0.48148148148148145	0.0	0.5890151515151515
Aleister Crowley	To Mega Therion	0.5161290322580645	0.0	0.44861111111111107
Alexander I of Serbia	Alexander I of Serbia	1.0	1.0	1.0
Carl von Clausewitz	Carl von Clausewitz	1.0	1.0	1.0
Mozart Santos Batista Júnior	Mozart Junior	0.8536585365853658	0.28125	0.7728205128205128
Vincent de Bourbon, Count of Guingamp	Vincent de Bourbon, Count of Guingamp	1.0	1.0	1.0
Alan Jay Lerner	Alan Jay Lerner	1.0	1.0	1.0
Ann Widdecombe	Ann Widdecombe	1.0	1.0	1.0
Anaïs Nin	Nin	0.5833333333333334	0.2	0.48148148148148145
Antonius Ariantho	Antonius Ariantho	1.0	1.0	1.0
Philip, Landgrave of Hesse-Philippsthal	Philip, Landgrave of Hesse-Philippsthal	1.0	1.0	1.0
Alexander Jagiellon	Alexander Jagiellon	1.0	1.0	1.0
Babe Ruth	Babe	0.6153846153846154	0.3	0.8703703703703705
Germán Figueroa	Germán Figueroa	1.0	1.0	1.0
David França Oliveira e Silva	David França Oliveira e Silva	1.0	1.0	1.0
Ariel Sharon	Arik	0.4375	0.14285714285714285	0.7666666666666666
Ann Druyan	Ann Druyan	1.0	1.0	1.0
Ahmed al-Haznawi	Ahmed al-Haznawi	1.0	1.0	1.0
Augustin-Louis Cauchy	Augustin-Louis Cauchy	1.0	1.0	1.0
Cliff Norton	Cliff Norton	1.0	1.0	1.0
Macula (footballer)	Macula	0.6	0.25	0.8403508771929825
Bill Haley	Jack Haley	0.75	0.3333333333333333	0.6222222222222222
Raphael (singer)	Raphael	0.6521739130434783	0.35294117647058826	0.86875
Isabella d'Este, Duchess of Parma	Isabella d'Este	0.7916666666666666	0.4117647058823529	0.8727272727272728
Afonso II of Portugal	Afonso II of Portugal	1.0	1.0	1.0
Menasseh Ben Israel	Menasseh Ben Israel	1.0	1.0	1.0
Richard II of England	Richard II of England	1.0	1.0	1.0
André the Giant	André the Giant	1.0	1.0	1.0
Roger Galera Flores	Roger Galera Flores	1.0	1.0	1.0
Aaron	Aaron	1.0	1.0	1.0
Arthur Jensen	Arthur Jensen	1.0	1.0	1.0
David Evans (RAAF officer)	David Evans	0.6756756756756757	0.37037037037037035	0.8653846153846155
Roberto Raviola	Roberto Raviola	1.0	1.0	1.0
August Kekulé	Kekule	0.6842105263157895	0.1875	0.49572649572649574
Dean Martin (politician)	Dean Martin (politician)	1.0	1.0	1.0
Isabella, Duchess of Lorraine	Isabella	0.5675675675675675	0.23333333333333334	0.8310344827586208
Pierre-Henri Simon	Pierre-Henri Simon	1.0	1.0	1.0
Charles Evers	Charles Evers	1.0	1.0	1.0
Tobias (bishop)	Tobias (bishop)	1.0	1.0	1.0
Ferdinand II of León	Ferdinand II of León	1.0	1.0	1.0
Anita Hill	Anita Hill	1.0	1.0	1.0
Damianus	Damianus	1.0	1.0	1.0
Alexander the Great	Alexandrian Empire	0.7567567567567568	0.1935483870967742	0.8070906432748538
Hercule, Duke of Montbazon	Hercule, Duke of Montbazon	1.0	1.0	1.0
Auguste Rodin	Auguste Rodin	1.0	1.0	1.0
August Derleth	August Derleth	1.0	1.0	1.0
Alvin Toffler	Alvin Toffler	1.0	1.0	1.0
Ancus Marcius	Ancus Marcius	1.0	1.0	1.0
Maria Asenina of Bulgaria	Maria Asenina of Bulgaria	1.0	1.0	1.0
Antonio Thomas (wrestler)	Antonio Thomas (wrestler)	1.0	1.0	1.0
Davy (Hampshire cricketer)	Davy (Hampshire cricketer)	1.0	1.0	1.0
Krystyna Rokiczana	Christina Rokiczana	0.8648648648648649	0.4230769230769231	0.7964912280701754
Blake Richards	Blake Richards	1.0	1.0	1.0
Henry II of France	Henry II of France	1.0	1.0	1.0
Ahmed II	Ahmad II	0.875	0.45454545454545453	0.9416666666666667
Maria Gonzaga, Duchess of Montferrat	Maria Gonzaga	0.7346938775510204	0.32432432432432434	0.850925925925926
Archimedes	Archimedes	1.0	1.0	1.0
Brian De Palma	Brian De Palma	1.0	1.0	1.0
Alan Ayckbourn	Virtual Reality (play)	0.5	0.0	0.4004329004329004
Prince Napoléon Bonaparte	Napoléon Joseph Charles Paul Bonaparte	0.8571428571428571	0.3404255319148936	0.6388137009189641
Adam Smith	Adam	0.6428571428571429	0.2727272727272727	0.86
Blaise Pascal	Blaise Pascal	1.0	1.0	1.0
Petit (Portuguese footballer)	Petit (Portuguese footballer)	1.0	1.0	1.0
John Oponjo Benjamin	John Oponjo Benjamin	1.0	1.0	1.0
Jefferson Smith (politician)	Jefferson Smith	0.8604651162790697	0.4827586206896552	0.8916666666666667
Roger José de Noronha Silva	Roger Jose de Noronha Silva	0.9814814814814815	0.8	0.9692545109211775
Georges Rouget	Georges Rouget	1.0	1.0	1.0
André Weil	André Weil	1.0	1.0	1.0
Alberto Giacometti	Alberto Giacometti	1.0	1.0	1.0
Alvar Aalto	Alvar Aalto	1.0	1.0	1.0
Francis (footballer)	Francis	0.5925925925925926	0.2857142857142857	0.8483333333333334
Queen Emma of Hawaii	Emma	0.4166666666666667	0.09090909090909091	0.7333333333333334
Sailor Art Thomas	Sailor Art Thomas	1.0	1.0	1.0
Blind Blake	Blind Blake	1.0	1.0	1.0
Alfred Russel Wallace	Alfred Russel Wallace	1.0	1.0	1.0
Bjørn Lomborg	Bjørn Lomborg	1.0	1.0	1.0
Mary II of England	Cultural depictions of Mary II of England	0.8135593220338984	0.425	0.5142276422764227
Benedict of Nursia	Benedict of Nursia	1.0	1.0	1.0
Arthur Phillip	Arthur Phillip	1.0	1.0	1.0
Dean (rapper)	Dean	0.5882352941176471	0.21428571428571427	0.8384615384615384
Charlie Chaplin	Charlie	0.8636363636363636	0.4	0.8755555555555556
Roberto Júlio de Figueiredo	Roberto Júlio de Figueiredo	1.0	1.0	1.0
Alexey Pajitnov	Alexey Pajitnov	1.0	1.0	1.0
Albert, King of Sweden	Albert	0.5	0.21739130434782608	0.8303030303030302
Christian VI of Denmark	Christian VI of Denmark	1.0	1.0	1.0
Ahab	Ahab	1.0	1.0	1.0
Ahmad Shah Durrani	Abdali	0.4166666666666667	0.0	0.5
Pandora (singer)	Pandora (singer)	1.0	1.0	1.0
Helena (empress)	Helena of Constantinople	0.7	0.17647058823529413	0.7413888888888889
Herman (bishop)	Herman (bishop)	1.0	1.0	1.0
Henry the Lion	Henry XII	0.6521739130434783	0.2777777777777778	0.7888888888888888
Louis XIV of France	Louis of France	0.9117647058823529	0.7	0.9275438596491228
Charles Farrar Browne	Artemus Ward	0.5757575757575758	0.0	0.45634920634920634
Arthur Aikin	Arthur Aikin	1.0	1.0	1.0
Alexios I Komnenos	Alexios I Komnenos	1.0	1.0	1.0
Allen Ginsberg	Ginsberg	0.8181818181818182	0.4666666666666667	0.7321428571428571
Bayezid I	Bayezid I	1.0	1.0	1.0
Jeremy Borash	Jeremy Borash	1.0	1.0	1.0
Abd ar-Rahman II	Abd ar-Rahman II	1.0	1.0	1.0
Britney Spears	Brit	0.5	0.2	0.8333333333333333
Antônio Wilson Vieira Honório	Antonio	0.6111111111111112	0.125	0.7729885057471264
Crowbar (wrestler)	Crowbar	0.68	0.3157894736842105	0.8574074074074074
Adrian Lamo	Adrian Lamo	1.0	1.0	1.0
Abraham	Abraham the Jew	0.6818181818181818	0.375	0.8755555555555556
Susan (Japanese singer)	Susan	0.5714285714285714	0.16666666666666666	0.8173913043478261
Alexander Graham Bell	AGB	0.25	0.0	0.6285714285714286
Bing Crosby	Bing Crosby Productions	0.8529411764705882	0.4166666666666667	0.8782608695652174
R. K. (actor)	R. K.	0.6111111111111112	0.2857142857142857	0.8564102564102564
Albert Sidney Johnston	General Johnston	0.7894736842105263	0.26666666666666666	0.6942640692640693
Ferdinand I of the Two Sicilies	Ferdinand III	0.75	0.29411764705882354	0.813564929693962
Andrew Johnson	Andrew Johnson	1.0	1.0	1.0
Catherine of Siena	Saint Catherine of Siena Parish School	0.9285714285714286	0.4	0.6671539961013645
Jonas Jessue da Silva Júnior	Jonas Jessue da Silva Júnior	1.0	1.0	1.0
Richard II, Duke of Normandy	Richard II, Duke of Normandy	1.0	1.0	1.0
Angilbert	Angilbert	1.0	1.0	1.0
Andy Collins (artist)	Andy Collins	0.8181818181818182	0.5	0.9
Amalasuntha	Amalasuntha	1.0	1.0	1.0
Willard Myron Allen	Willard Myron Allen	1.0	1.0	1.0
Robert Benjamin	Robert Benjamin	1.0	1.0	1.0
Aristophanes	Aristophanes	1.0	1.0	1.0
Michael I of Romania	Michael Kreuger	0.6571428571428571	0.25	0.7511111111111112
Robert II (bishop of Ross)	Robert II	0.7428571428571429	0.2962962962962963	0.8474358974358974
Henry I, Margrave of the Saxon Ostmark	Henry I, Margrave of the Saxon Ostmark	1.0	1.0	1.0
Robert (singer)	Robert (singer)	1.0	1.0	1.0
Bernard of Saxe-Weimar	Bernard of Saxe-Weimar	1.0	1.0	1.0
Charles Farrar Browne	Charles Farrar Browne	1.0	1.0	1.0
Tim (singer)	Tim	0.4666666666666667	0.15384615384615385	0.825
Barry Goldwater	Barry Goldwater	1.0	1.0	1.0
Benjamin Disraeli	Benjamin Disraeli	1.0	1.0	1.0
Dean Martin (footballer, born 1957)	Dean Martin	0.6739130434782609	0.2777777777777778	0.84
Gilberto da Silva Melo	Gilberto da Silva Melo	1.0	1.0	1.0
Buddy Holly	Buddy Holly	1.0	1.0	1.0
Calvin Coolidge	Calvin Coolidge, Jr.	0.8857142857142857	0.6666666666666666	0.9416666666666667
Harris (rapper)	Harris	0.7142857142857143	0.3125	0.86
Colin George	Colin George	1.0	1.0	1.0
Peter Meyer (footballer)	Peter Meyer	0.7428571428571429	0.4166666666666667	0.873611111111111
Claude Shannon	Claude Shannon	1.0	1.0	1.0
Richard E. Wagner	Richard E. Wagner	1.0	1.0	1.0
Cesare Borgia	Cesare Borgia	1.0	1.0	1.0
Bill Oddie	Bill Oddie	1.0	1.0	1.0
Captain America	Captain America Comics	0.9459459459459459	0.6086956521739131	0.9257575757575758
Archduchess Maria Magdalena of Austria (1689–1743)	Archduchess Maria Magdalena of Austria (1689–1743)	1.0	1.0	1.0
Joost van den Vondel	Joost van den Vondel	1.0	1.0	1.0
Christian Oliver	Christian Oliver	1.0	1.0	1.0
Isabella of Cyprus	Isabella of Cyprus	1.0	1.0	1.0
Amos Bronson Alcott	Amos Bronson Alcott	1.0	1.0	1.0
Archduke Charles, Duke of Teschen	Archduke Charles	0.8775510204081632	0.46875	0.8797979797979798
Philip the Apostle	Philip the Apostle	1.0	1.0	1.0
Charles Robert Malden	Charles Robert Malden	1.0	1.0	1.0
Charles Dickens	Charles Dickens	1.0	1.0	1.0
Louis IV, Holy Roman Emperor	Schism of Louis of Bavaria	0.6666666666666666	0.08333333333333333	0.5485347985347985
Christopher Columbus	Colombo	0.5185185185185185	0.038461538461538464	0.5735714285714286
Andy Warhol	Andy Warhol	1.0	1.0	1.0
Alan Turing	Ture	0.4	0.07142857142857142	0.0
Alcuin	Albinus	0.7692307692307693	0.08333333333333333	0.7993650793650794
Alfred Hitchcock	Alfred Hitchcock	1.0	1.0	1.0
Clement Martyn Doke	Clement Martyn Doke	1.0	1.0	1.0
Roger of Worcester	Roger	0.6956521739130435	0.2777777777777778	0.8314814814814815
Alfonso XII of Spain	Alfonso, Prince of Asturias	0.723404255319149	0.20512820512820512	0.7835185185185185
August Kekulé	Friedrich August Kekule von Stradonitz	0.6078431372549019	0.24390243902439024	0.6351776878092666
Dean Martin	Write to Me from Naples	0.6470588235294118	0.0	0.43544137022397894
A. J. Ayer	A. J. Ayer	1.0	1.0	1.0
Karl Werner (footballer)	Karl Werner	0.8	0.4	0.873611111111111
Charles Messier	Charles Messier	1.0	1.0	1.0
Müller (footballer)	Müller	0.64	0.2777777777777778	0.8403508771929825
Albert Schweitzer	Albert Schweitzer	1.0	1.0	1.0
Judith Holofernes	Judith Holofernes	1.0	1.0	1.0
Robert, Archduke of Austria-Este	Robert, Archduke of Austria-Este	1.0	1.0	1.0
John Hogg	John Hogg	1.0	1.0	1.0
Brian Aldiss	Brian Aldiss	1.0	1.0	1.0
Alberto Giacometti	Giacometti	0.8214285714285714	0.47368421052631576	0.7185185185185184
Virgil (wrestler)	Michael Jones	0.4666666666666667	0.0	0.46593765711412766
Vincent van Gogh	Vincent van Gogh	1.0	1.0	1.0
Angeli (cartoonist)	Angeli (cartoonist)	1.0	1.0	1.0
Ricardo (footballer, born 1980)	Ricardo (footballer, born 1980)	1.0	1.0	1.0
Babur	Babur	1.0	1.0	1.0
Alexander the Great	Alexander the Great	1.0	1.0	1.0
Leonardo da Vinci	Leonardo da Vinci	1.0	1.0	1.0
Ferdinand I of Naples	Ferdinand I of Naples	1.0	1.0	1.0
Alhazen	Alhazen	1.0	1.0	1.0
Alex Lifeson	Alex Lifeson	1.0	1.0	1.0
Christian Cage	Captain Charisma	0.8666666666666667	0.07142857142857142	0.6949404761904762
Arthur William à Beckett	Arthur William a Beckett	0.9791666666666666	0.7777777777777778	0.9805555555555556
Frederik de Wit	Frederik de Wit	1.0	1.0	1.0
J.R. (musician)	J.R.	0.42105263157894735	0.1875	0.8288888888888889
George Allen (American football coach)	George Allen	0.72	0.28205128205128205	0.8403508771929825
Eliezer Spiegel	Eliezer Spiegel	1.0	1.0	1.0
Anaximander	Anaximander	1.0	1.0	1.0
Ahuitzotl	Ahuitzotl	1.0	1.0	1.0
Andrew Wiles	Andrew Wiles	1.0	1.0	1.0
Henrique da Silva Coutinho	Henrique da Silva Coutinho	1.0	1.0	1.0
Pee Wee Lambert	Pee Wee Lambert	1.0	1.0	1.0
Cecil B. DeMille	Blount	0.2727272727272727	0.0	0.3194444444444444
William Close	William Close	1.0	1.0	1.0
Marina, Princess of Naples	Marina	0.5	0.19230769230769232	0.8205128205128205
Agnes of Rome	Agnes of Rome	1.0	1.0	1.0
Christian VII of Denmark	Christian VII of Denmark	1.0	1.0	1.0
Jhonatan Bernardo	Mariano Bernardo	0.8484848484848485	0.32	0.7436840120663649
Andrzej Sapkowski	Andrzej Sapkowski	1.0	1.0	1.0
Ben Bova	Ben Bova	1.0	1.0	1.0
Isabella of Aragon, Countess of Urgell	Isabella of Aragon	0.9107142857142857	0.4722222222222222	0.8771929824561404
Bilge Khagan	Bilge Khagan	1.0	1.0	1.0
Elias Ribeiro de Oliveira	Elias Ribeiro de Oliveira	1.0	1.0	1.0
Clara Petacci	Clara Petacci	1.0	1.0	1.0
Personal life of Cicero	Personal life of Marcus Tullius Cicero	0.9180327868852459	0.5789473684210527	0.8825324180015256
Babe Ruth	Babe Ruth Birthplace Museum	0.7777777777777778	0.2857142857142857	0.8444444444444443
Bert Bell	Bert Bell	1.0	1.0	1.0
Albert Spalding	Albert Spalding	1.0	1.0	1.0
Clarence Brown	Clarence Brown	1.0	1.0	1.0
James Adams (Massachusetts politician)	James Adams	0.6530612244897959	0.2564102564102564	0.8342105263157895
Martina (empress)	Martina	0.625	0.3333333333333333	0.8627450980392156
Apollos	Apollos	1.0	1.0	1.0
Kenneth Mitchell (politician)	Kenneth Mitchell (politician)	1.0	1.0	1.0
Cecilia Beaux	Cecilia Beaux	1.0	1.0	1.0
Andrew Jackson	Andrew Jackson	1.0	1.0	1.0
Roberto Jiménez Gago	Roberto Jimenez Gago	0.975	0.7391304347826086	0.9643859649122807
Rudolf I of Germany	Rudolph I of Germany	0.9487179487179487	0.6956521739130435	0.9319785575048734
Afonso V of Portugal	Afonso of Portugal	0.9736842105263158	0.8095238095238095	0.9572222222222222
Antoninus Pius	Antoninus	0.9130434782608695	0.6428571428571429	0.9166666666666666
Bede	Bede	1.0	1.0	1.0
Cem Karaca	Karaca	0.75	0.45454545454545453	0.8666666666666667
Charles Tupper	Tupper	0.7	0.3333333333333333	0.3253968253968254
William II, Elector of Hesse	Wilhelm II	0.6578947368421053	0.11764705882352941	0.7535185185185186
Wolfgang Abraham	Wolfgang Abraham	1.0	1.0	1.0
Simon, Prior of St Andrews	Simon, Prior of St Andrews	1.0	1.0	1.0
Wilhelmina of the Netherlands	Wilhelmina of the Netherlands	1.0	1.0	1.0
Willard Waterman	Willard Waterman	1.0	1.0	1.0
Aung San Suu Kyi	Aung San Suu Kyi	1.0	1.0	1.0
William III of the Netherlands	William III	0.6585365853658537	0.3333333333333333	0.8522222222222222
Thomas C. Cochran (historian)	Thomas C. Cochran	0.8913043478260869	0.5333333333333333	0.903448275862069
Antipope John XXIII	Antipope John	0.84375	0.6	0.9263157894736842
Laurie Davidson	Laurie Davidson	1.0	1.0	1.0
Roberto Fernández Alvarellos	Roberto Fernandez Alvarellos	0.9821428571428571	0.8064516129032258	0.9444444444444444
Arabian Prince	Arabian Prince	1.0	1.0	1.0
Agrippina the Elder	Agrippina the Elder	1.0	1.0	1.0
B. F. Skinner	B. F. Skinner	1.0	1.0	1.0
Bertin	Bertin	1.0	1.0	1.0
Boris Pasternak	Boris Pasternak	1.0	1.0	1.0
Ronald Wallace (politician)	Ronald Wallace	0.8292682926829268	0.4642857142857143	0.8876543209876544
Abel Gómez Moreno	Abel Gómez Moreno	1.0	1.0	1.0
Giordano Bruno	Giordano Bruno	1.0	1.0	1.0
Lewis (baseball)	Lewis	0.5714285714285714	0.23529411764705882	0.8395833333333333
Arnold Schwarzenegger	Arnold Schwarzenegger	1.0	1.0	1.0
Yehoshua Neuwirth	Yehoshua Neuwirth	1.0	1.0	1.0
Godefroy de La Tour d'Auvergne	Godefroy de La Tour d'Auvergne	1.0	1.0	1.0
Martin (Hampshire cricketer)	Martin	0.5588235294117647	0.1724137931034483	0.8166666666666667
Ricardo (footballer, born 1971)	Ricardo López	0.5909090909090909	0.1891891891891892	0.7626137303556658
Claudius	Claudius	1.0	1.0	1.0
Amr Diab	Amr Diab	1.0	1.0	1.0
Irene of Larissa	Irene of Larissa	1.0	1.0	1.0
Anthony Hopkins	Stella Arroyave	0.36666666666666664	0.0	0.38611111111111107
John Donald (Wisconsin politician)	John Donald (Wisconsin politician)	1.0	1.0	1.0
Ariadne (empress)	Ariadne	0.7083333333333334	0.3333333333333333	0.8627450980392156
Constantina (empress)	Constantina (empress)	1.0	1.0	1.0
Alessandro Algardi	Alessandro Algardi	1.0	1.0	1.0
Louis XVI of France	Louis of France	0.9117647058823529	0.7	0.9275438596491228
Wallace Costa Alves	Wallace Costa Alves	1.0	1.0	1.0
